Colour burst,1,119.99,,src/picturesCatalog/bundles/1.jpg,TRUE,0,0
Blue moon (extra),2,280,,src/picturesCatalog/bundles/2.jpg,TRUE,0,0
Amour,3,269.99,,src/picturesCatalog/bundles/3.jpg,TRUE,0,0
A new day,4,89,,src/picturesCatalog/bundles/4.jpg,TRUE,0,0
Summer chill,5,65,,src/picturesCatalog/bundles/5.jpg,TRUE,0,0
Dreamland,6,127,,src/picturesCatalog/bundles/6.jpg,TRUE,0,0
Sunrise,7,115,,src/picturesCatalog/bundles/7.jpg,TRUE,0,0
Blue moon,8,170,,src/picturesCatalog/bundles/8.jpg,TRUE,0,0
Red romance,9,189,,src/picturesCatalog/bundles/9.jpg,TRUE,0,0
White snow,10,98,,src/picturesCatalog/bundles/10.jpg,TRUE,0,0
Styilish spring,11,134.5,,src/picturesCatalog/bundles/11.jpg,TRUE,0,0
Peach perfection,12,145,,src/picturesCatalog/bundles/12.jpg,TRUE,0,0
Stardust,13,105,,src/picturesCatalog/bundles/13.jpg,TRUE,0,0
Her day,14,129,,src/picturesCatalog/bundles/14.jpg,TRUE,0,0
Amaryllis,15,16,red,src/picturesCatalog/items/Amaryllis.png,FALSE,0,0
Aster,16,9.9,pink,src/picturesCatalog/items/aster.png,FALSE,0,0
Bluebell,17,19,blue,src/picturesCatalog/items/bluebell.png,FALSE,0,0
Cornflower,18,13,blue,src/picturesCatalog/items/cornflower.png,FALSE,0,0
Forget me not,19,10.59,blue,src/picturesCatalog/items/forget me not.png,FALSE,0,0
Foxglove,20,10,pink,src/picturesCatalog/items/foxglove.png,FALSE,0,0
Gerbera,21,8.9,pink,src/picturesCatalog/items/Gerbera.png,FALSE,0,0
Tulips,22,23.5,red,src/picturesCatalog/items/tulips.png,FALSE,0,0
Sunflower,23,24,yellow,src/picturesCatalog/items/sunflower.png,FALSE,0,0
Iris,25,13,purple,src/picturesCatalog/items/iris.png,FALSE,0,0
Jasmine,26,7.49,white,src/picturesCatalog/items/jasmine.png,FALSE,0,0
Lavender,27,14,purple,src/picturesCatalog/items/lavender.png,FALSE,0,0
Lily,28,16,pink,src/picturesCatalog/items/Lily.png,FALSE,0,0
Peony,29,8.9,pink,src/picturesCatalog/items/peony.png,FALSE,0,0
Rose,30,25,red,src/picturesCatalog/items/rose.png,FALSE,0,0
